Column1,Column2,Column3,Column4,Column5,Column6,Column7
country,anthem_names,start_year,end_year,composer,link,music_path
Kiribati,"“Teirake kaini Kiribati” (Gilbertese) | “Stand Up, Kiribati” (English translation)",1979,Present,Urium Tamuera Ioteba,https://nationalanthems.info/ki.htm,data/music/Kiribati.mp3
Ireland,“Amhrán na bhFiann” (Irish) | “The Soldier’s Song” (English translation),1926,Present,Patrick Heeney | Peadar Kearney,https://nationalanthems.info/ie.htm,data/music/Ireland.mp3
Brunei,“??? ????????? ????” (Malay (Jawi script)) | “Allah Peliharakan Sultan” (Malay (Romanization)) | “God Bless His Majesty” (English translation),1951,Present,Awang Haji Besar bin Sagap,https://nationalanthems.info/bn.htm,data/music/Brunei.mp3
Comoros,“Udzima wa ya Masiwa” (Comorian/Shimasiwa) | “The Union of the Great Islands” (English translation),1978,Present,Saïd Hachim Sidi Abdérémane | Kamildine Abdallah,https://nationalanthems.info/km.htm,data/music/Comoros.mp3
Peru,“Himno Nacional del Perú” (Spanish) | “National Anthem of Peru” (English translation),1821,Present,José Bernardo Alzedo,https://nationalanthems.info/pe.htm,data/music/Peru.mp3
Italy,“Il Canto degli Italiani” (Italian) | “The Song of the Italians” (English translation) | “L’Inno di Mameli” (unofficial title (Italian)) | “Mameli’s Hymn” (unofficial title (English translation)) | “Fratelli D’Italia” (unofficial title (Italian)) | “Brothers of Italy” (unofficial title (English translation)),1946,Present,Michele Novaro,https://nationalanthems.info/it.htm,data/music/Italy.mp3
Tanzania,“Mungu ibariki Afrika” (Kiswahili) | “God Bless Africa” (English translation),1961,Present,Enoch Mankayi Sontonga,https://nationalanthems.info/tz.htm,data/music/Tanzania.mp3
Upper Volta,“Hymne Nationale Voltaïque” (French) | “National Anthem of Upper Volta” (English translation) | “La Volta” (alternate title (French)) | “The Volta” (alternate title (English translation)),1960,Present,Robert Ouedraogo,https://nationalanthems.info/uvo.htm,data/music/Upper_Volta.mp3
Bulgaria,“???? ??????” (Bulgarian (Cyrillic script)) | “Mila Rodino” (Bulgarian (Romanization)) | “Dear Homeland”(English translation),1964,Present,?????? ?????????? (Tsvetan Radoslavov),https://nationalanthems.info/bg.htm,data/music/Bulgaria.mp3
Turks and Caicos Islands,“This Land of Ours”,Unknown,Present,Conrad Howell,https://nationalanthems.info/tc.htm,data/music/Turks_and_Caicos_Islands.mp3
Honduras,“Himno Nacional de Honduras” (Spanish) | “National Anthem of Honduras” (English translation) | “Tu bandera es un lampo de cielo” (unofficial title (Spanish)) | “Your Flag Is A Heavenly Light” (unofficial title (English translation)),1915,Present,Carlos Hartling,https://nationalanthems.info/hn.htm,data/music/Honduras.mp3
Finland,“Maamme” (Finnish) | “Vårt land” (Swedish) | “Our Land” (English translation (of Finnish and Swedish)),1848,Present,Fredrik Pacius,https://nationalanthems.info/fi.htm,data/music/Finland.mp3
Guernsey,“Sarnia Cherie” | “Guernsey Dear” (English translation),1911,Present,Domencio Santangelo,https://nationalanthems.info/gg.htm,data/music/Guernsey.mp3
Tokelau,“Viki O Tokelau” (Tokelauan) | “Anthem of Tokelau” (English translation),2012,Present,Eric Lemuelu Falima,https://nationalanthems.info/tk.htm,data/music/Tokelau.mp3
El Salvador,“Himno Nacional de El Salvador” (Spanish) | “National Anthem of El Salvador” (English translation),1879,Present,Juan Aberle,https://nationalanthems.info/sv.htm,data/music/El_Salvador.mp3
Tuvalu,“Tuvalu mo te Atua” (Tuvaluan) | “Tuvalu for the Almighty” (English),1978,Present,Afaese Manoa,https://nationalanthems.info/tv.htm,data/music/Tuvalu.mp3
West Papua,"“Hai Tanahku Papua” (Indonesian) | “O My Country, Papua” (English translation)",1961,Present,Izaak Samuel Kijne,https://nationalanthems.info/wpa.htm,data/music/West_Papua.mp3
Greenland,"“Nunarput utoqqarsuanngoravit” (Kalaallisut) | “Our Country, Who’s Become So Old” (English translation)",1916,Present,Jonathan Petersen,https://nationalanthems.info/gl.htm,data/music/Greenland.mp3
Kazakhstan,“????? ???????????” (Kazakh (Cyrillic script)) | “Meniñ Qazaqstan?m” (Kazakh (Latin script)) | “My Kazakhstan” (English translation),2006,Present,????? ????????? (Shamshi Kaldayakov),https://nationalanthems.info/kz.htm,data/music/Kazakhstan.mp3
Sealand,"“E Mare Libertas” (Latin) | “From the Sea, Freedom” (English translation)",Unknown,Present,Basil Simonenko,https://nationalanthems.info/sea.htm,data/music/Sealand.mp3
Czechia,“Kde domov m?j?” (Czech) | “Where is My Home?” (English translation),1993,Present,Frantisek Jan Škroup,https://nationalanthems.info/cz.htm,data/music/Czechia.mp3
Lesotho,"“Lesotho fatse la bo ntat’a rona” (Sesotho) | “Lesotho, Land of our Fathers” (English translation)",1967,Present,Ferdinand-Samuel Laur,https://nationalanthems.info/ls.htm,data/music/Lesotho.mp3
Mauritania,“???? ???? ????????” (Arabic (Arabic script)) | “National Anthem of Mauritania” (English translation),2017,Present,Rajih Sami Daoud,https://nationalanthems.info/mr.htm,data/music/Mauritania.mp3
Kenya,“Ee Mungu Nguvu Yetu” (Swahili) | “Oh God of All Creation” (English),1963,Present,traditional (adapted by: | Graham Hyslop | Thomas Kalume | Peter Kibukosya | Washington Omondi | George W. Senoga-Zake),https://nationalanthems.info/ke.htm,data/music/Kenya.mp3
Guam,“Guam Hymn” (English) | “Fanohge Chamoru” (Chamorro) | “Stand Ye Guamanians” (English translation),1952,Present,Ramon Manalisay Sablan,https://nationalanthems.info/gu.htm,data/music/Guam.mp3
Belarus,"“????????? ???? ?????????? ????????” (Belarusian (Cyrillic script)) | “Dziarža?ny himn Respubliki Bie?aru?” (Belarusian (Romanization)) | “State Anthem of the Republic of Belarus” (English translation) | “??, ????????” (unofficial title (Belarusian (Cyrillic script))) | “My, Bie?arusy” (unofficial title (Belarusian (Romanization))) | “We Belarusians” (unofficial title (English translation))",1955,Present,?????? ?????????? (Nester Sakalouski),https://nationalanthems.info/by.htm,data/music/Belarus.mp3
Crimea,“???? ?????????? ?????????? ????” (Russian (Cyrillic script) | “Gimn Avtonomnoi? Respubliki Krym” (Russian (Romanization)) | “Hymn of the Autonomous Republic of Crimea” (English translation),1992,Present,Alemdar Karamanov,https://nationalanthems.info/cri.htm,data/music/Crimea.mp3
Qatar,“?? ???? ??????” (Arabic (Arabic script)) | “Al-Salam Al-Amiri” (Arabic (Romanization)) | “Peace be to the Emir” (English translation),1996,Present,??? ?????? ???? ???????? (Abdul Aziz Nasser Obaidan),https://nationalanthems.info/qa.htm,data/music/Qatar.mp3
Jersey,“Isle de Siez Nous” (Jèrriais) | “Island Home” (English),2008,Present,Gerard Le Feuvre,https://nationalanthems.info/je.htm,data/music/Jersey.mp3
France,“La Marseillaise” (French) | “The Song of Marseille” (English translation),1795,Present,Claude-Joseph Rouget de Lisle,https://nationalanthems.info/fr.htm,data/music/France.mp3
Abkhazia,“???????” (Abkhaz (Cyrillic script)) | “Aiaaira” (Abkhaz (Latin script)) | “Victory” (English translation),2007,Present,?????? ?????? (Valera Çkaduwa),https://nationalanthems.info/abk.htm,data/music/Abkhazia.mp3
Réunion,“P’tit fleur fanée”  (French) | “Little Faded Flower” (English translation),1930,Present,Jules Fossy,https://nationalanthems.info/re.htm,data/music/Réunion.mp3
Bavaria,“Für Bayern” (German) | “For Bavaria” (English translation),1860,Present,Konrad Max Kunz,https://nationalanthems.info/bav.htm,data/music/Bavaria.mp3
Maldives,“?????? ??????” (Diveh (Thaana script)) | “Gaumee Salaam” (Diveh (Romanization)) | “National Salute (English translation),1948,Present,??????? ???.??. ?????? (Pandit Wannakuwattawaduge Don Amaradeva),https://nationalanthems.info/mv.htm,data/music/Maldives.mp3
Azerbaijan,“Az?rbaycan Mar??” (Azerbaijani) | “March of Azerbaijan (English translation),1992,Present,Uzeyir Hajibeyov,https://nationalanthems.info/az.htm,data/music/Azerbaijan.mp3
United Arab Emirates,“?????? ?????? ??????????” (Arabic (Arabic script)) | “Nashid al-watani al-imarati” (Arabic (Romanization)) | “National Anthem of the UAE” (English translation) | “???? ?????” (alternate title (Arabic (Arabic script))) | “Ishy Bilady” (alternate title (Arabic (Romanization))) | “Long Live My Nation” (alternate title (English translation)),1971,Present,???? ??? ??????? (Mohamad Abdel Wahab),https://nationalanthems.info/ae.htm,data/music/United_Arab_Emirates.mp3
Northern Mariana Islands,“Gi Talo Gi Halom Tasi” (Chamorro) | “Satil Matawal Pacifico” (Carolinian) | “In the Middle of the Sea” (English translation (of Chamorro)),1996,Present,Wilhelm Ganzhorn,https://nationalanthems.info/mp.htm,data/music/Northern_Mariana_Islands.mp3
North Korea,“???” Korean (Chos?n’g?l (Han-geul) script) | “Aegukka” (Korean (McCune-Reischauer Romanization)) | “Patriotic Song” (English translation) | “??? ???” (unofficial title (Korean (Chos?n’g?l (Han-geul) script))) | “Ach’im?n pinnara” (unofficial title (Korean (McCune-Reischauer Romanization))) | “Let Morning Shine” (unofficial title (English translation)),1947,Present,??? (Kim W?n’gyun),https://nationalanthems.info/kp.htm,data/music/North_Korea.mp3
Artsakh,“???? ?? ????? ?????” (Armenian (Armenian script)) | “Azat u ankakh Artsakh” (Armenian (Romanization)) | “Free and Independent Artsakh” (English translation),1992,Present,????? ????????  (Armen Nassibian),https://nationalanthems.info/art.htm,data/music/Artsakh.mp3
St. Kitts and Nevis,“O Land of Beauty!”,1983,Present,Kenrick Anderson Georges,https://nationalanthems.info/kn.htm,data/music/St._Kitts_and_Nevis.mp3
Cornwall,“Can Tus West” (Cornish) | “Song of the Western Men” (English) | “Trelawny” (alternate title (Cornish and English)),Unknown,Present,Robert Stephen Hawker,https://nationalanthems.info/cor.htm,data/music/Cornwall.mp3
Serbia,“???? ??????” (Serbian (Cyrillic script)) | “Bože pravde” (Serbian (Latin alphabet)) | “God of Justice” (English translation),1904,Present,Davorin Jenko,https://nationalanthems.info/rs.htm,data/music/Serbia.mp3
Colombia,“Himno Nacional de la República de Colombia” (Spanish) | “National Anthem of the Republic of Colombia”(English translation) | “¡Oh gloria inmarcesible!” (unofficial title (Spanish)) | “O Unfading Glory!” (unofficial title (English translation)),1920,Present,Oreste Sindici,https://nationalanthems.info/co.htm,data/music/Colombia.mp3
U. S. Virgin Islands,“Virgin Islands March”,1963,Present,"Alton Augustus Adams, Sr.",https://nationalanthems.info/vi.htm,data/music/U._S._Virgin_Islands.mp3
Estonia,"“Mu isamaa, mu õnn ja rõõm” (Estonian) | “My Native Land, My Pride and Joy” (English translation)",1869,Present,Friedrich Pacius,https://nationalanthems.info/ee.htm,data/music/Estonia.mp3
Mali,"“Le Mali” (French) | “Mali” (English translation) | “Pour L’Afrique et pour toi, Mali” (unofficial title (French)) | “For Africa and for You, Mali” (unofficial title (English translation)) | “A ton appel Mali” (unofficial title (French)) | “At Your Call, Mali” (unofficial title (English translation))",1962,Present,Banzoumana Sissoko,https://nationalanthems.info/ml.htm,data/music/Mali.mp3
Bhutan,“????????????” (Dzongkha (Tibetan script)) | “Druk tsendhen” (Dzongkha (Romanization) | “The Thunder Dragon Kingdom” (English translation),1953,Present,Aku Tongmi,https://nationalanthems.info/bt.htm,data/music/Bhutan.mp3
Bermuda,“Hail to Bermuda”,Unknown,Present,Bette Johns (?),https://nationalanthems.info/bm.htm,data/music/Bermuda.mp3
Transnistria,"“?? ?????? ????, ?????????????” (Russian (Cyrillic script)) | “My slavim tjebja, Pridnestrov’je” (Russian (Romanization)) | “??????? ?? ???, ????????” (Moldovan (Cyrillic script)) | “Sl?vit? s? fii, Nistrene” (Moldovan (Latin script)) | “?? ??????? ????, ???????????’?” (Ukrainian (Cyrillic script)) | “My slavymo tebe, Prydnistrov’ya” (Ukrainian (Romanization)) | “We Glorify You, Transnistria” (English translation)",1990,Present,????? ??????????? (Boris Alexandrov),https://nationalanthems.info/pmr.htm,data/music/Transnistria.mp3
Costa Rica,"“Himno Nacional de Costa Rica” (Spanish) | “Costa Rican National Anthem” (English translation) | “Noble patria, tu hermosa bandera” (unofficial title (Spanish)) | “Noble homeland, your beautiful flag” (unofficial title (English translation))",1949,Present,Manuel María Gutiérrez,https://nationalanthems.info/cr.htm,data/music/Costa_Rica.mp3
Falkland Islands,“Song of the Falklands”,Unknown,Present,Christopher Lanham,https://nationalanthems.info/fk.htm,data/music/Falkland_Islands.mp3
Dominican Republic,“Himno Nacional” (Spanish) | “National Anthem” (English translation) | “Quisqueyanos valientes” (unofficial title (Spanish) | “Valiant Sons of Quisqueye” (English translation),1897,Present,José Reyés,https://nationalanthems.info/do.htm,data/music/Dominican_Republic.mp3
Galicia,“Os Pinos” (Galician) | “The Pine Trees” (English translation),1907,Present,Pasqual Veiga,https://nationalanthems.info/gal.htm,data/music/Galicia.mp3
Mozambique,“Pátria Amada” (Portuguese) | “Lovely Fatherland” (English translation),2002,Present,unknown,https://nationalanthems.info/mz.htm,data/music/Mozambique.mp3
Rwanda,"“Rwanda nziza” (Kinyarwanda) | “Rwanda, Our Beautiful Country” (English translation)",2001,Present,Jean-Bosco Hashakaimana,https://nationalanthems.info/rw.htm,data/music/Rwanda.mp3
Mongolia,“?????? ????? ?????? ??????” (Mongolian (Cyrillic script)) | “Mongol ulsyn töriin duulal” (Mongolian (Latin script)) | “National Anthem of Mongolia” (English translation),1950,Present,???????? ??????????? (Bilegiin Damdinsüren) | ???????????? ??????? (Luvsanjambyn Mördorj),https://nationalanthems.info/mn.htm,data/music/Mongolia.mp3
Gibraltar,“Gibraltar Anthem”,1994,Present,Peter Emberley,https://nationalanthems.info/gi.htm,data/music/Gibraltar.mp3
South Africa,“National Anthem of South Africa”,1997,Present,Enoch Sontonga | Marthinus Lourens de Villiers,https://nationalanthems.info/za.htm,data/music/South_Africa.mp3
Northern Ireland,“A Londonderry Air”,Unknown,Present,traditional,https://nationalanthems.info/nie.htm,data/music/Northern_Ireland.mp3
Mauritius,“Motherland”,1968,Present,Philippe Gentil,https://nationalanthems.info/mu.htm,data/music/Mauritius.mp3
Guatemala,“Himno Nacional de Guatemala” (Spanish) | “National Anthem of Guatemala” (English translation),1896,Present,Rafael Alvarez Ovalle,https://nationalanthems.info/gt.htm,data/music/Guatemala.mp3
Uzbekistan,“O’zbekiston Respublikasining Davlat Madhiyasi” (Uzbek) | “National Anthem of the Republic of Uzbekistan” (English translation),1992,Present,Mutal Burhanov,https://nationalanthems.info/uz.htm,data/music/Uzbekistan.mp3
Guinea-Bissau,“Esta é a Nossa Pátria Bem Amada” (Portuguese) | “This Is Our Beloved Country” (English translation),1974,Present,Xiao He,https://nationalanthems.info/gw.htm,data/music/Guinea-Bissau.mp3
Artsakh,“???? ?? ????? ?????” (Armenian (Armenian script)) | “Azat u ankakh Artsakh” (Armenian (Romanization)) | “Free and Independent Artsakh” (English translation),1992,Present,????? ????????  (Armen Nassibian),http://www.nationalanthems.info/art.htm,data/music/Artsakh.mp3
Poland,“Mazurek D?browskiego” (Polish) | “Dabrowski’s Mazurka” (English translation) | “Jeszcze Polska nie zgin??a” (unofficial title (Polish)) | “Poland Has Not Yet Perished” (unofficial title (English translation)) | “Pie?? Legionów Polskich we W?oszech” (unofficial title (Polish)) | “Song of the Polish Legions in Italy” (unofficial title (English translation)),1927,Present,traditional,https://nationalanthems.info/pl.htm,data/music/Poland.mp3
Kuwait,“?????? ??????” (Arabic (Arabic script)) | “Al-Nasheed Al-Watani” (Arabic (Romanization)) | “National Anthem” (English translation),1978,Present,??????? ?????? (Ibrahim Nasir Al-Soula),https://nationalanthems.info/kw.htm,data/music/Kuwait.mp3
Flanders,“De Vlaamse Leeuw” (Dutch) | “The Flemish Lion” (English translation),1973,Present,Karel Miry,https://nationalanthems.info/fla.htm,data/music/Flanders.mp3
Sovereign Military Order of Malta,“Ave Crux Alba”  (Latin) | “Hail Thou White Cross” (English translation),Unknown,Present,Alfredo Consorti,https://nationalanthems.info/smm.htm,data/music/Sovereign_Military_Order_of_Malta.mp3
Thailand (national anthem),“???????????” (Thai (Thai script)) | “Phleng Chat Thai” (Thai (Romanization)) | “National Anthem of Thailand” (English translation),1934,Present,??????????????? (Phra Jenduriyang (Peter Feit)),https://nationalanthems.info/th.htm,data/music/Thailand_(national_anthem).mp3
Burkina Faso,“Le Ditanye” (French) | “Anthem of the Victory” (English translation),1984,Present,Thomas Sankara (?),https://nationalanthems.info/bf.htm,data/music/Burkina_Faso.mp3
Norway,"“Ja, vi elsker dette landet” (Norwegian) | “Yes, We Love This Country” (English translation)",1864,Present,Rikard Nordraak,https://nationalanthems.info/no.htm,data/music/Norway.mp3
South Sudan,“South Sudan Oyee!” | “South Sudan Hurray!” (English translation),2011,Present,Mido Samuel and students from Juba University,https://nationalanthems.info/ss.htm,data/music/South_Sudan.mp3
Belize,“Land of the Free”,1981,Present,Selwyn Walford Young,https://nationalanthems.info/bz.htm,data/music/Belize.mp3
Vatican City,“Hymnus Pontificius” (Latin) | “Pontifical Anthem” (English translation),1949,Present,Charles-François Gounod,https://nationalanthems.info/va.htm,data/music/Vatican_City.mp3
Kyrgyzstan,“?????? ??????????????? ??????????? ?????”  (Kyrgyz (Cyrillic script)) | “Kyrgyz Respublikasynyn Mamlekettik Gimni” (Kyrgyz (Romanization)) | “National Anthem of the Kyrgyz Republic” (English translation),1992,Present,?. ???????? (Nasyr Davlesov) | ?. ???????????? (Kalyi Moldobasanov),https://nationalanthems.info/kg.htm,data/music/Kyrgyzstan.mp3
St. Lucia,“Sons and Daughters of St. Lucia”,1967,Present,Leton Felix Thomas,https://nationalanthems.info/lc.htm,data/music/St._Lucia.mp3
England (“Jerusalem”),“Jerusalem”,Unknown,Present,Hubert Parry,https://nationalanthems.info/eng_jeru.htm,data/music/England_(“Jerusalem”).mp3
Nauru,"“Song of Nauru” (English) | “Nauru Bwiema” (Nauruan) | “Nauru, Our Homeland” (English translation)",1968,Present,Laurence Henry Hicks,https://nationalanthems.info/nr.htm,data/music/Nauru.mp3
Senegal,"“Pincez Tous vos Koras, Frappez les Balafons” (French) | “Pluck Your Koras, Strike the Balafons” (English translation) | “Le Lion Rouge” (unofficial title (French)) | “The Red Lion” (unofficial title (English translation))",1960,Present,Herbert Pepper,https://nationalanthems.info/sn.htm,data/music/Senegal.mp3
Fiji,“God Bless Fiji” (English) | “Meda Dau Doka” (Fijian) | “Let Us Show Pride” (English translation),1970,Present,Charles Austin Miles | adapted by Michael Francis Alexander Prescott,https://nationalanthems.info/fj.htm,data/music/Fiji.mp3
Philippines,“Lupang Hinirang” (Filipino) | “Chosen Land” (English translation),1898,Present,Julian Felipe,https://nationalanthems.info/ph.htm,data/music/Philippines.mp3
Wales,“Hen Wlad fy Nhadau” (Welsh) | “Land of my Fathers” (English translation),1858,Present,James James,https://nationalanthems.info/wal.htm,data/music/Wales.mp3
Faroe Islands,“Mítt alfagra land” (Faroese) | “My Fairest Land” (English translation) | “Tú alfagra land mítt” (unofficial title (Faroese)) | “Thou Fairest Land of Mine” (unofficial title (English translation)),1948,Present,Peter Alberg,https://nationalanthems.info/fo.htm,data/music/Faroe_Islands.mp3
Ghana,“God Bless Our Homeland Ghana”,1957,Present,Philip Gbeho,https://nationalanthems.info/gh.htm,data/music/Ghana.mp3
Benin,“L’Aube Nouvelle” (French) | “The Dawn of a New Day” (English translation),1960,Present,Gilbert Jean Dagnon,https://nationalanthems.info/bj.htm,data/music/Benin.mp3
Cameroon,"“Ô Cameroun, Berceau de nos Ancêtres” (French) | “O Cameroon, Cradle of our Forefathers” (English) | “Chant de Ralliement” (unofficial title (French)) | “The Rallying Song” (unofficial title (English translation))",1957,Present,René Djam Afame,https://nationalanthems.info/cm.htm,data/music/Cameroon.mp3
Basque Country,“Eusko Abendaren Ereserkia” (Basque) | “Anthem of the Basque Ethnicity” (English translation),1905,Present,"traditional, arranged by Cleto Zabala",https://nationalanthems.info/eus.htm,data/music/Basque_Country.mp3
Cayman Islands,“Beloved Isle Cayman”,1960,Present,Leila E. Ross,https://nationalanthems.info/ky.htm,data/music/Cayman_Islands.mp3
Sint Maarten,“O Sweet Saint Martin’s Land”,Unknown,Present,Gerard Kemps,https://nationalanthems.info/sx.htm,data/music/Sint_Maarten.mp3
Denmark (national anthem),“Der er et yndigt land” (Danish) | “There Is A Lovely Land” (English translation),1844,Present,Hans Ernst Krøyer,https://nationalanthems.info/dk.htm,data/music/Denmark_(national_anthem).mp3
Eswatini,"“Nkulunkulu Mnikati wetibusiso temaSwati” (siSwati) | “Oh God, Bestower of the Blessings of the Swazi” (English translation)",1968,Present,David Kenneth Rycroft,http://www.nationalanthems.info/sz.htm,data/music/Eswatini.mp3
Korean Empire,“???” (Korean (Han-geul script)) | “Aegukga” (Korean (Yale Romanization)) | “Patriotic Song” (English translation),1902,Present,Franz von Eckert,https://nationalanthems.info/kor.htm,data/music/Korean_Empire.mp3
Taiwan (alternate anthem),“???????” (Chinese (traditional Chinese script)) | “Zh?nghuá Míngúo Gúoqíg?” (Chinese (Pinyin Romanization)) | “National Flag Anthem of the Republic of China” (English translation) | “???” (unofficial title (Chinese (traditional Chinese script)) | “Gúo qí g?” (unofficial title (Chinese (Pinyin Romanization)) | “National Banner Song” (English translation),1937,Present,?? (Huáng Zì),https://nationalanthems.info/tw_.htm,data/music/Taiwan_(alternate_anthem).mp3
Aruba,“Aruba Dushi Tera” (Papiamento) | “Aruba Sweet Land” (English translation),1976,Present,Rufo Inocencio Wever,https://nationalanthems.info/aw.htm,data/music/Aruba.mp3
Moldova,“Limba noastr?” (Moldovan) | “Our Tongue” (English translation),1994,Present,Alexandru Cristea,https://nationalanthems.info/md.htm,data/music/Moldova.mp3
Papua New Guinea,“O Arise All You Sons”,1975,Present,Thomas Shacklady,https://nationalanthems.info/pg.htm,data/music/Papua_New_Guinea.mp3
Côte d’Ivoire,“L’Abidjanaise” (French) | “Song of Abidjan” (English translation),1960,Present,Pierre Marie Coty | Pierre Michel Pango,https://nationalanthems.info/ci.htm,data/music/Côte_d’Ivoire.mp3
"Congo, Republic of",“La Congolaise” (French) | “The Congolese” (English translation),1959,Present,unknown,https://nationalanthems.info/cg.htm,"data/music/Congo,_Republic_of.mp3"
Sierra Leone,"“High We Exalt Thee, Realm Of The Free”",1961,Present,John Joseph Akar,https://nationalanthems.info/sl.htm,data/music/Sierra_Leone.mp3
Europe,“European Anthem” (English) | “Anthem of Europe” (unofficial title (English)),1972,Present,Ludwig von Beethoven | Herbert von Karajan (arranger),https://nationalanthems.info/eu.htm,data/music/Europe.mp3
Tonga,“Ko e fasi ?o e tu?i ?o e ?Otu Tonga” (Tongan) | “Song of the King of the Tonga Islands” (English translation) | “Fasi Fakafonua” (unofficial title (Tongan)) | “National Song” (unofficial title (English translation)),1874,Present,Karl Gustavus Schmitt,https://nationalanthems.info/to.htm,data/music/Tonga.mp3
Catalonia,“Els Segadors” (Catalan) | “The Reapers” (English translation),1899,Present,Francesc Alió,https://nationalanthems.info/cat.htm,data/music/Catalonia.mp3
Grenada,“Hail Grenada”,1974,Present,Louis Arnold Masanto,https://nationalanthems.info/gd.htm,data/music/Grenada.mp3
United Kingdom,“God Save the King”,1745,Present,unknown,https://nationalanthems.info/gb.htm,data/music/United_Kingdom.mp3
Romania,"“De?teapt?-te române!” (Romanian) | “Wake up, Romanian” (English translation)",1990,Present,Anton Pann,https://nationalanthems.info/ro.htm,data/music/Romania.mp3
Timor-Leste,“Pátria” (Portuguese) | “Fatherland” (English translation),1975,Present,Afonso de Araujo,https://nationalanthems.info/tl.htm,data/music/Timor-Leste.mp3
Bosnia and Herzegovina,“Državna himna Bosne i Hercegovine” (Bosnian (Latin alphabet)) | “??????? ????? ????? ? ???????????” (Bosnian (Cyrillic alphabet)) | “The National Anthem of Bosnia and Herzegovina” (English translation),1999,Present,Dušan Šesti?,https://nationalanthems.info/ba.htm,data/music/Bosnia_and_Herzegovina.mp3
Samoa,“O le Fu’a o le Sa’olotoga o Samoa” (Samoan) | “The Banner of Freedom” (English) | “Samoa Tula’i” (alternate title (Samoan)) | “Samoa Arise” (alternate title (English translation)),1962,Present,Sauni Iiga Kuresa,https://nationalanthems.info/ws.htm,data/music/Samoa.mp3
Luxembourg (national anthem),“Ons Heemecht” (Luxembourgish) | “Our Motherland” (English translation),1895,Present,Jean-Antoine Zinnen,https://nationalanthems.info/lu.htm,data/music/Luxembourg_(national_anthem).mp3
Niue,“Ko e Iki he Lagi” (Niuean) | “The Lord in Heaven” (English translation),1974,Present,"unknown, prepared by Sioeli Fusikata",https://nationalanthems.info/nu.htm,data/music/Niue.mp3
Sweden (national anthem),"“Du Gamla, Du Fria” (Swedish) | “Thou Ancient, Thou Free” (English)",1893,Present,traditional,https://nationalanthems.info/se.htm,data/music/Sweden_(national_anthem).mp3
Liberia,"“All Hail, Liberia Hail!”",1847,Present,Olmstead Luca,https://nationalanthems.info/lr.htm,data/music/Liberia.mp3
Tajikistan,“?????? ?????” (Tajik (Cyrillic script)) | “Surudi milli” (Cyrillic (Romanization)) | “National Anthem” (English translation),1994,Present,???????? ?????? (Suleiman Yudakov),https://nationalanthems.info/tj.htm,data/music/Tajikistan.mp3
Somalia,“Qolobaa Calankeed” (Somali) | “Every nation has its own flag” (English translation),2012,Present,Abdullahi Qarshe,https://nationalanthems.info/so.htm,data/music/Somalia.mp3
United States,“The Star Spangled Banner”,1931,Present,John Stafford Smith,https://nationalanthems.info/us.htm,data/music/United_States.mp3
Western Sahara,“?? ??? ????????” (Arabic (Arabic script)) | “Y? Ban?y As-Sahar?” (Arabic (Romanization)) | “O Sons of the Sahara” (English translation),1976,Present,unknown,https://nationalanthems.info/eh.htm,data/music/Western_Sahara.mp3
Algeria,“????” (Arabic (Arabic script)) | “Kassaman” (Arabic (Romanization)) | “We Pledge” (English translation),1962,Present,???? ????? (Mohamed Fawzi),https://nationalanthems.info/dz.htm,data/music/Algeria.mp3
Netherlands,“Het Wilhelmus” (Dutch) | “The William” (English translation) | “Wilhelmus van Nassouwe” (alternate title (Dutch)) | “William of Nassau” (alternate title (English translation)),1932,Present,unknown,https://nationalanthems.info/nl.htm,data/music/Netherlands.mp3
Indonesia,“Indonesia Raya” (Indonesian) | “Great Indonesia” (English translation),1945,Present,Wage Rudolf Soepratman,https://nationalanthems.info/id.htm,data/music/Indonesia.mp3
Bougainville,“My Bougainville”,2018,Present,Carl Linger,https://nationalanthems.info/bgv.htm,data/music/Bougainville.mp3
Paraguay,"“Paraguayos, República o muerte!” (Spanish) | “Paraguayans, The Republic or Death!” (English translation)",1846,Present,Remberto Giménez,https://nationalanthems.info/py.htm,data/music/Paraguay.mp3
England (“Land of Hope and Glory”),“Land of Hope and Glory”,Unknown,Present,Edward Elgar,https://nationalanthems.info/eng_lhg.htm,data/music/England_(“Land_of_Hope_and_Glory”).mp3
Hungary,"“Himnusz” (Hungarian) | “Hymn” (English translation) | “Isten, áldd meg a magyart” (unofficial title (Hungarian)) | “God, Bless the Hungarians” (unofficial title (English translation))",1844,Present,Ferenc Erkel,https://nationalanthems.info/hu.htm,data/music/Hungary.mp3
Morocco,“?????? ??????” (Arabic (Arabic script)) | “Hymne Chérifien” (French) | “Hymn of the Sharif” (English translation),1956,Present,Léo Morgan,https://nationalanthems.info/ma.htm,data/music/Morocco.mp3
Spain,“Himno Nacional Español” (Spanish) | “National Anthem of Spain” (English translation) | “Marcha Real” (alternate title (Spanish)) | “Royal March” (alternate title (English translation)) | “Marcha Granadera” (alternate title (Spanish)) | “March of the Grenadiers” (alternate title (English translation)),1770,Present,unknown,https://nationalanthems.info/es.htm,data/music/Spain.mp3
Saudi Arabia,“??? ??????” (Arabic (Arabic script)) | “Aash Al Maleek” (Arabic (Romanization)) | “Long Live Our Beloved King” (English translation),1947,Present,??? ?????? ?????? (Abdul Rahman Al-Khateeb),https://nationalanthems.info/sa.htm,data/music/Saudi_Arabia.mp3
Malta,“L-Innu Malti” (Maltese) | “The Hymn of Malta” (English translation),1945,Present,Robert Sammut,https://nationalanthems.info/mt.htm,data/music/Malta.mp3
Martinique,“Ansanm” (Antillean Creole) | “Together” (English translation),2023,Present,unknown,https://nationalanthems.info/mq.htm,data/music/Martinique.mp3
Marshall Islands,“Forever Marshall Islands” (English),1991,Present,Amata Kabua,https://nationalanthems.info/mh.htm,data/music/Marshall_Islands.mp3
Yemen,“????????? ???????” (Arabic (Arabic script)) | “al-?umh?r?yâ?u l-mutta?idâ” (Arabic (Romanization)) | “United Republic” (English translation),1990,Present,???? ???? ????? (Ayyoab Tarish Absi),https://nationalanthems.info/ye.htm,data/music/Yemen.mp3
Palestine,“?????” (Arabic (Arabic text)) | “Fida’i” (Arabic (Romanization)) | “Revolutionary” (English translation),1972,Present,??? ????????? (Ali Ismael),https://nationalanthems.info/ps.htm,data/music/Palestine.mp3
New Zealand,"“God Defend New Zealand” (English)
“Aotearoa” (M?ori)",1940,Present,John Joseph Woods,https://nationalanthems.info/nz.htm,data/music/New_Zealand.mp3
Guyana,"“Dear Land of Guyana, of Rivers and Plains”",1966,Present,Robert Cyril Gladstone Potter,https://nationalanthems.info/gy.htm,data/music/Guyana.mp3
Oman,“???? ???? ?????” (Arabic (Arabic script)) | “Nashid as-Salaam as-Sultani” (Arabic (Romanization)) | “The Sultan’s Anthem” (English translation),1932,Present,James Frederick Mills | Bernard Ebbinghaus (arranger),https://nationalanthems.info/om.htm,data/music/Oman.mp3
Palau,“Belau rekid” (Palauan) | “Our Palau” (English translation),1980,Present,Ymesei O. Ezekiel,https://nationalanthems.info/pw.htm,data/music/Palau.mp3
Albania,“Hymni i Flamurit” (Albanian) | “Hymn to the Flag” (English translation),1912,Present,Ciprian Porumbescu,https://nationalanthems.info/al.htm,data/music/Albania.mp3
Burundi,“Burundi Bwâcu” (Kirundi) | “Our Beloved Burundi” (English translation),1962,Present,Marc Barengayabo,https://nationalanthems.info/bi.htm,data/music/Burundi.mp3
Cook Islands,“Te Atua Mou E” (Cook Islands Maori) | “To God Almighty” (English translation),1981,Present,Thomas Davis,https://nationalanthems.info/ck.htm,data/music/Cook_Islands.mp3
Central African Republic,“La Renaissance” (French) | “E Zingo” (Sango) | “The Renaissance” (English translation (of French)),1960,Present,Herbert Pepper,https://nationalanthems.info/cf.htm,data/music/Central_African_Republic.mp3
Cambodia,“??????” (Khmer (Khmer script)) | “Nokoreach” (Khmer (Romanization)) | “Royal Kingdom” (English translation),1941,Present,François Perruchot | Jean Jekyll | (based on a Cambodian folk tune),https://nationalanthems.info/kh.htm,data/music/Cambodia.mp3
Karelia,"“??????????????? ???? ?????????? ???????” (Russian (Cyrillic script)) | “Gosudarstvenny gimn Respubliki Kareliya” (Russian (Romanization)) | “Anthem of the Republic of Karelia” (English translation) | “???? ??????, ???????!” (unofficial title (Russian (Cyrillic script))) | “Kraj Rodnoj Karelija” (unofficial title (Russian (Romanization))) | “Native Land, Karelia” (unofficial title (English translation))",1993,Present,Alexandr Beloborodov,https://nationalanthems.info/kar.htm,data/music/Karelia.mp3
Confederate States of America,“God Save the South”,1861,Present,Charles Wolfgang Amadeus Ellerbrock,https://nationalanthems.info/csa.htm,data/music/Confederate_States_of_America.mp3
Andorra,“El Gran Carlemany” (Catalan) | “The Great Charlemagne” (English translation),1921,Present,Enric Marfany Bons,https://nationalanthems.info/ad.htm,data/music/Andorra.mp3
Argentina,“Himno Nacional Argentino” (Spanish) | “Argentine National Anthem” (English translation),1813,Present,José Blas Parera,https://nationalanthems.info/ar.htm,data/music/Argentina.mp3
Uruguay,"“Himno Nacional” (Spanish) | “National Anthem of Uruguay” (English translation) | “Orientales, la Patria o la tumba!” (unofficial title (Spanish)) | “Uruguayans, the Fatherland or Death!” (unofficial title (English translation))",1833,Present,Francisco José Debali,https://nationalanthems.info/uy.htm,data/music/Uruguay.mp3
Laos,“?????????” (Lao (Lao script)) | “Pheng Xat Lao” (Lao (Romanization)) | “Hymn of the Lao People” (English translation),1947,Present,??. ????? ??????????? (Dr. Thongdy Sounthonevichit),https://nationalanthems.info/la.htm,data/music/Laos.mp3
Bophuthatswana,“Lefatshe leno la bo-rrarona” (Setswana) | “This Land of Our Forefathers” (English translation),1977,Present,E.B. Mathibe | J.J. Loots,https://nationalanthems.info/bpt.htm,data/music/Bophuthatswana.mp3
Gabon,“La Concorde” (French) | “The Concord” (English translation),1960,Present,Georges Aleka Damas,https://nationalanthems.info/ga.htm,data/music/Gabon.mp3
Georgia,“???????????”  (Georgian (Georgian script) | “Tavisupleba” (Georgian (Romanization) | “Liberty” (English translation),2004,Present,??????? ?????????? (Zakaria Paliashvili) | adapted by ????? ????????? (Joseb Ketschakmadse),https://nationalanthems.info/ge.htm,data/music/Georgia.mp3
Somaliland,“Samo ku waar” (Somali) | “Long LIfe With Peace” (English translation),1997,Present,Hassan Sheikh Mumin,https://nationalanthems.info/sol.htm,data/music/Somaliland.mp3
United Nations,“Hymn to the United Nations”,Unknown,Present,Pau Casals,https://nationalanthems.info/uno.htm,data/music/United_Nations.mp3
Latvia,"“Dievs, sv?t? Latviju!” (Latvian) | “God Bless Latvia” (English translation)",1920,Present,K?rlis Baumanis,https://nationalanthems.info/lv.htm,data/music/Latvia.mp3
Kosovo,“Evropa” (Albanian) | “??????” (Serbian (Cyrillic script) | “Europe” (English translation) | “Hymni i Republikës së Kosovës” (unofficial title (Albanian)) | “National Anthem of the Republic of Kosovo” (unofficial title (English translation)),2008,Present,Mendi Mengjiqi,https://nationalanthems.info/kos.htm,data/music/Kosovo.mp3
Chechnya,“????????? ????” (Chechen (Cyrillic script)) | “The Shatlak’s Song” (English translation) | “???? ????????? ??????????” (alternate title (Chechen (Cyrillic script))) | “Anthem of the Chechen Republic” (alternate title (English translation)),2004,Present,Umar Biksultanov,https://nationalanthems.info/che.htm,data/music/Chechnya.mp3
Cabo Verde,“Cântico da Liberdade” (Portuguese) | “Song of Freedom” (English translation),1996,Present,Adalberto Higino Tavares Silva,https://nationalanthems.info/cv.htm,data/music/Cabo_Verde.mp3
Austria,“Bundeshymn” (German) | “Federal Hymn” (English translation),1947,Present,Johann Holzer or Wolfgang Mozart,https://nationalanthems.info/at.htm,data/music/Austria.mp3
Puerto Rico,“La Borinqueña” (Spanish),1903,Present,Félix Astol Artés,https://nationalanthems.info/pr.htm,data/music/Puerto_Rico.mp3
Portugal,“A Portuguesa” (Portuguese) | “The Song of the Portuguese” (English translation),1910,Present,Alfredo Keil,https://nationalanthems.info/pt.htm,data/music/Portugal.mp3
Lebanon,"“?????? ?????? ????????” (Arabic (Arabic script)) | “Lebanese National Anthem” (English translation) | “????? ?????” (unofficial title (Arabic (Arabic script))) | “Kulluna lil-watan” (unofficial title (Arabic (Romanization))) | “All Of Us, For Our Country!” (unofficial title (English translation))",1927,Present,???? ????? (Wadih Sabra),https://nationalanthems.info/lb.htm,data/music/Lebanon.mp3
Scotland,“Fhlùir na h-Alba” (Scottish Gaelic) | “Flouer o Scotland” (Scots) | “Flower of Scotland” (English),1974,Present,Roy Williamson,https://nationalanthems.info/sco.htm,data/music/Scotland.mp3
Malawi,“Mulungu dalitsa Malawi” (Chichewa) | “Oh God Bless Our Land Of Malawi” (English),1964,Present,Michael-Fredrick Paul Sauka,https://nationalanthems.info/mw.htm,data/music/Malawi.mp3
Eswatini,"“Nkulunkulu Mnikati wetibusiso temaSwati” (siSwati) | “Oh God, Bestower of the Blessings of the Swazi” (English translation)",1968,Present,David Kenneth Rycroft,https://nationalanthems.info/sz.htm,data/music/Eswatini.mp3
Croatia,“Lijepa naša domovino” (Croatian) | “Our Beautiful Homeland” (English translation),1972,Present,Josip Runjanin,https://nationalanthems.info/hr.htm,data/music/Croatia.mp3
Zaire,“La Zaïroise” (French),1971,Present,Simon-Pierre Boka Di Mpasi Londi,https://nationalanthems.info/zre.htm,data/music/Zaire.mp3
Gambia,"“For The Gambia, Our Homeland”",1965,Present,traditional | adapted by Jeremy Frederic Howe,https://nationalanthems.info/gm.htm,data/music/Gambia.mp3
Russia,“??????????????? ???? ?????????? ?????????” (Russian (Cyrillic script)) | “Gosudarstvenny Gimn Rossiyskoy Federatsii”  (Russian (Romanization)) | “National Anthem of the Russian Federation” (English translation),2000,Present,????????? ?????????? ??????????? (Alexandr Vasilievich Alexandrov),https://nationalanthems.info/ru.htm,data/music/Russia.mp3
Pitcairn Islands,“We From Pitcairn Island”,1962,Present,Frederick M. Lehman,https://nationalanthems.info/pn.htm,data/music/Pitcairn_Islands.mp3
Turkey,“?stiklâl Mar??” (Turkish) | “The March of Independence” (English translation),1921,Present,Zeki Üngör,https://nationalanthems.info/tr.htm,data/music/Turkey.mp3
North Macedonia,“????? ??? ??????????” (Macedonian (Cyrillic script)) | “Denes Nad Makedonija” (Macedonian (Romanization)) | “Today Over Macedonia” (English translation),1992,Present,????? ????????? (Todor Skalovski),https://nationalanthems.info/mk.htm,data/music/North_Macedonia.mp3
Namibia,"“Namibia, Land of the Brave”",1991,Present,Axali Doeseb,https://nationalanthems.info/na.htm,data/music/Namibia.mp3
Biafra,“Land of the Rising Sun”,1967,Present,Jean Sibelius,https://nationalanthems.info/bia.htm,data/music/Biafra.mp3
San Marino,“Inno Nazionale della Repubblica” (Italian) | “National Anthem of the Republic” (English translation),1894,Present,Federico Consolo,https://nationalanthems.info/sm.htm,data/music/San_Marino.mp3
Rhodesia,“Rise O Voices of Rhodesia”,1974,Present,Ludwig von Beethoven | Ken MacDonald (arranger),https://nationalanthems.info/rho.htm,data/music/Rhodesia.mp3
Belgium,“La Brabançonne” (French (retained for Dutch and German)) | “The Song of Brabant” (English translation),1830,Present,François van Campenhout,https://nationalanthems.info/be.htm,data/music/Belgium.mp3
Curaçao,“Himno di Kòrsou” (Papiamento) | “Anthem of Curaçao” (English translation),1978,Present,Frater Candidus Nowens | Errol “El Toro” Colina,https://nationalanthems.info/cw.htm,data/music/Curaçao.mp3
Zimbabwe,“Kalibusiswe Ilizwe leZimbabwe” (Ndebele) | “Simudzai Mureza WeZimbabwe” (Shona) | “Blessed Be The Land of Zimbabwe” (English),1994,Present,Fred Lecture Changundega,https://nationalanthems.info/zw.htm,data/music/Zimbabwe.mp3
Olympics,“?????????? ?????” (Greek (Greek script)) | “Olympiakós Ýmnos” (Greek (Romanization)) | “Olympic Hymn” (English translation),Unknown,Present,?????? ??????? (Kostis Palamas),https://nationalanthems.info/oly.htm,data/music/Olympics.mp3
Acadia,"“Ave, Maris Stella” (Latin) | “Hail, Star of the Ocean” (English translation)",1884,Present,unknown,https://nationalanthems.info/aca.htm,data/music/Acadia.mp3
Zambia,"“Lumbanyeni Zambia” (Bemba) | “Stand and Sing of Zambia, Proud and Free” (English)",1964,Present,Enoch Mankayi Sontonga,https://nationalanthems.info/zm.htm,data/music/Zambia.mp3
Uganda,"“Oh Uganda, Land of Beauty!”",1962,Present,George Wilberforce Kakomoa,https://nationalanthems.info/ug.htm,data/music/Uganda.mp3
Malaysia,“Negaraku” (Malay) | “My Country” (English translation),1957,Present,Pierre Jean de Beranger,https://nationalanthems.info/my.htm,data/music/Malaysia.mp3
Sudan,“??? ??? ??? ??? ?????” (Arabic (Arabic script)) | “Nahnu Djundulla Djundulwatan” (Arabic (Romanization)) | “We Are the Army of God and of Our Land” (English translation),1956,Present,???? ????? (Ahmad Murjan),https://nationalanthems.info/sd.htm,data/music/Sudan.mp3
Orange Free State,“Volkslied van de Oranje Vrijstaat” (Dutch) | “National Anthem of the Orange Free State” (English translation),1866,Present,W.F.G. Nicolai,https://nationalanthems.info/ofs.htm,data/music/Orange_Free_State.mp3
Montserrat,“Motherland”,2013,Present,George Irish,https://nationalanthems.info/ms.htm,data/music/Montserrat.mp3
Tibet,“?????????????????????????????” (Tibetan (Tibetan script)) | “bod rgyal khab chen po’i rgyal glu” (Tibetan (Wylie Romanization)) | “Tibetan Government National Anthem” (English translation),1949,Present,traditional,https://nationalanthems.info/tib.htm,data/music/Tibet.mp3
Ethiopia,"“???? ???? ?? ??? ?????” (Amharic (Ge’ez script)) | “Whedefit Gesgeshi Woude Henate Ethiopia” (Amharic (Romanization) | “March Forward, Dear Mother Ethiopia” (English translation)",1992,Present,Solomon Lulu,https://nationalanthems.info/et.htm,data/music/Ethiopia.mp3
Azores,“Hino dos Açores” (Portuguese) | “Hymn of the Azores”(English translation),1980,Present,Joaquim Lima,https://nationalanthems.info/aco.htm,data/music/Azores.mp3
Ukraine,“?? ?? ?????? ???????” (Ukrainian (Cyrillic script)) | “Sche ne vmerla Ukrainy” (Ukrainian (Romanization)) | “Ukraine’s Glory Hasn’t Perished” (English translation),1991,Present,??????? ?????????? (Mykhailo Verbytskyi),https://nationalanthems.info/ua.htm,data/music/Ukraine.mp3
Panama,“Himno Istemño” (Spanish) | “Isthmus Hymn” (English translation),1925,Present,Santos A. Jorge,https://nationalanthems.info/pa.htm,data/music/Panama.mp3
China,“??????” (Chinese (simplified Chinese script)) | “Yìy?ngj?n Jìnxíngq?” (Chinese (Pinyin Romanization)) | “The March of the Volunteers” (English translation) | “?? ??” (unofficial title (Chinese (simplified Chinese script))) | “Zh?ngguó guóg?” (unofficial title (Chinese (Pinyin Romanization))) | “Chinese National Song” (unofficial title (English translation)),1949,Present,?? (Niè ?r),https://nationalanthems.info/cn.htm,data/music/China.mp3
Bolivia,“Canción Patriótica” (Spanish) | “Patriotic Song” (English translation),1852,Present,Leopoldo Benedetto Vincenti,https://nationalanthems.info/bo.htm,data/music/Bolivia.mp3
Suriname,“God zij met ons Suriname!” (Dutch) | “God Be With Our Suriname” (English translation),1954,Present,Johannes Corstianus de Puy,https://nationalanthems.info/sr.htm,data/music/Suriname.mp3
Wallonia,“Le Chant des Wallons” (French) | “The Song of the Walloons” (English translation),1901,Present,Louis Hillier,https://nationalanthems.info/wln.htm,data/music/Wallonia.mp3
Togo,"“Salut à toi, pays de nos aïeux” (French) | “Hail to thee, land of our forefathers” (English translation)",1960,Present,Alex Casimir-Dosseh,https://nationalanthems.info/tg.htm,data/music/Togo.mp3
Micronesia,“Patriots of Micronesia” | “Across All Micronesia” (alternate title),1991,Present,unknown,https://nationalanthems.info/fm.htm,data/music/Micronesia.mp3
Bonaire,“Tera di Solo y Suave Biento” (Papiamento) | “Land of the Sun and Soft Breeze” (English translation),1964,Present,J. B. A. Palm,https://nationalanthems.info/bnr.htm,data/music/Bonaire.mp3
Saarland,“Saarlied” (German) | “The Saar Song” (English translation),1950,Present,Karl Hogrebe,https://nationalanthems.info/sar.htm,data/music/Saarland.mp3
Angola,“Angola Avante” (Portuguese) | “Forward Angola” (English translation),1975,Present,Rui Alberto Vieira Dias Minga,https://nationalanthems.info/ao.htm,data/music/Angola.mp3
Timor-Leste,“Pátria” (Portuguese) | “Fatherland” (English translation),1975,Present,Afonso de Araujo,http://www.nationalanthems.info/tl.htm,data/music/Timor-Leste.mp3
Newfoundland,“Ode to Newfoundland”,1904,Present,Hubert Parry,https://nationalanthems.info/nfl.htm,data/music/Newfoundland.mp3
Canary Islands,“Himno de Canarias” (Spanish) | “Anthem of the Canary Islands” (English translation),2003,Present,Teobaldo Power y Lugo-Vina,https://nationalanthems.info/ic.htm,data/music/Canary_Islands.mp3
Libya,"“????? ????? ?????” (Arabic (Arabic script)) | “Libya, Libya, Libya” (Arabic (Romanization) and English translation) | “?? ?????” (unofficial title (Arabic (Arabic script))) | “Ya Biladi” (unofficial title (Arabic (Romanization))) | “Oh, My Country!” (unofficial title (English translation))",1955,Present,???? ??? ??????? (Mohamad Abdel Wahab),https://nationalanthems.info/ly.htm,data/music/Libya.mp3
Nepal,“???? ????? ?????” (Nepali (Devanagari script)) | “Sayaun Thunga Phool Ka” (Nepali (Romanization)) | “Hundreds of Flowers” (English translation),2007,Present,????? ????? (Ambar Gurung),https://nationalanthems.info/np.htm,data/music/Nepal.mp3
Japan,“???” (Japanese (Hiragana and Kanji scripts)) | “Kimigayo” (Japanese (R?maji Romanization)) | “His Majesty’s Reign” (English translation (unofficial)),1870,Present,??? (Hiromori Hayashi),https://nationalanthems.info/jp.htm,data/music/Japan.mp3
Iraq,“?????” (Arabic (Arabic script)) | “Mawtini” (Arabic (Romanization)) | “My Homeland” (English translation),2004,Present,???? ?????? (Mohammad Flayfel),https://nationalanthems.info/iq.htm,data/music/Iraq.mp3
Haiti,“La Dessalinienne” (French) | “The Dessalines Song” (English translation),1904,Present,Nicolas Geffrard,https://nationalanthems.info/ht.htm,data/music/Haiti.mp3
Chile,“Himno Nacional de Chile” (Spanish) | “National Anthem of Chile” (English translation),1828,Present,Ramon Carnicer i Batlle,https://nationalanthems.info/cl.htm,data/music/Chile.mp3
Djibouti,“Jabuuti” (Somali) | “Djibouti” (English translation),1977,Present,Abdi Robleh,https://nationalanthems.info/dj.htm,data/music/Djibouti.mp3
Iran,“???? ??? ?????? ?????? ?????” (Persian (Persian script)) | “Soroud-e Melli-e Jomhouri-e Eslami-e Iran” (Persian (Romanization)) | “National Anthem of the Islamic Republic of Iran” (English translation),1990,Present,Hassan Riahi,https://nationalanthems.info/ir.htm,data/music/Iran.mp3
Syria,“??????? ?????????” (Arabic (Arabic script)) | “?um?t ad-Diy?r” (Arabic (Romanization)) | “Guardians of the Homeland” (English translation),1936,Present,???? ???? ????? (Mohammad Salim Flayfel) | ???? ???? ????? (Ahmad Salim Flayfel),https://nationalanthems.info/sy.htm,data/music/Syria.mp3
South Ossetia,“?????????æ ?????? ???????? ??????????? ????” (Ossetic (Cyrillic script)) | “Respublikæ Xussar Irystony Paddzaxadon Gimn” (Ossetic (Latin alphabet)) | “The National Anthem of South Ossetia” (English translation),1995,Present,?????? ??????? (Felix Alborov),https://nationalanthems.info/oss.htm,data/music/South_Ossetia.mp3
Slovenia,“Zdravljica” (Slovenian) | “A Toast” (English translation),1989,Present,Stanko Premrl,https://nationalanthems.info/si.htm,data/music/Slovenia.mp3
Jamaica,"“Jamaica, Land We Love”",1962,Present,Robert Charles Lightbourne | Mapletoft Poulle (arranger),https://nationalanthems.info/jm.htm,data/music/Jamaica.mp3
American Samoa,“Amerika Samoa” (Samoan) | “American Samoa” (English translation),1950,Present,Napoleon Andrew Tuiteleleapaga,https://nationalanthems.info/as.htm,data/music/American_Samoa.mp3
Montenegro,"“??, ???????? ?????? ????” (Montenegrin (Cyrillic script)) | “Oj, svijetla majska zoro” (Montenegrin (Latin script)) | “Oh, Bright Dawn of May” (English translation)",2004,Present,unknown (arrangement based on a harmonization by Zarko Mikovic),https://nationalanthems.info/me.htm,data/music/Montenegro.mp3
Trinidad and Tobago,“Forged From the Love of Liberty”,1962,Present,Patrick Stanislaus Castagne,https://nationalanthems.info/tt.htm,data/music/Trinidad_and_Tobago.mp3
Vanuatu,"“Yumi, Yumi, Yumi” (Bislama) | “We, We, We” (English translation)",1980,Present,François Vincent Ayssav,https://nationalanthems.info/vu.htm,data/music/Vanuatu.mp3
Aland Islands,“Ålänningens sång” (Swedish) | “Song of the Ålanders” (English translation),1922,Present,Johan Fridolf Hagfors,https://nationalanthems.info/ax.htm,data/music/Aland_Islands.mp3
Srpska,“???? ?????????” (Serbian (Cyrillic script)) | “Moja Republika” (Serbian (Latin alphabet)) | “My Republic” (English translation),2008,Present,unknown,https://nationalanthems.info/srp.htm,data/music/Srpska.mp3
Australia,“Advance Australia Fair”,1984,Present,Peter Dodds McCormick,https://nationalanthems.info/au.htm,data/music/Australia.mp3
Ecuador,"“Salve, Oh Patria!” (Spanish) | “We Salute You Our Homeland (English translation)",1948,Present,Antonio Neumane,https://nationalanthems.info/ec.htm,data/music/Ecuador.mp3
Esperanto,“La Espero” (Esperanto) | “The Hope” (English translation),Unknown,Present,Félicien de Ménil,https://nationalanthems.info/esn.htm,data/music/Esperanto.mp3
Liechtenstein,“Oben am jungen Rhein” (German) | “High Above the Young Rhine” (English translation),1850,Present,unknown,https://nationalanthems.info/li.htm,data/music/Liechtenstein.mp3
Isle of Man,“Arrane Ashoonagh Dy Vannin” (Manx) | “Isle of Man National Anthem” (English translation) | “O Land of Our Birth” (unofficial title (English)),1907,Present,traditional,https://nationalanthems.info/im.htm,data/music/Isle_of_Man.mp3
Vietnam,“Ti?n quân ca” (Vietnamese) | “The Marching Song” (English translation),1945,Present,Nguyen V?n Cao,https://nationalanthems.info/vn.htm,data/music/Vietnam.mp3
Ciskei,“Nkosi Sikelel’ iAfrika” (Xhosa) | “God Bless Africa” (English translation),1981,Present,Enoch Sontonga,https://nationalanthems.info/cis.htm,data/music/Ciskei.mp3
Niger,“L’Honneur de la Patrie” (French) | “The Honour of the Fatherland” (English translation),2023,Present,committee,https://nationalanthems.info/ne.htm,data/music/Niger.mp3
Botswana,“Fatshe leno la rona” (Setswana) | “Our Land” (English translation),1966,Present,Kgalemang Tumedisco Motsete,https://nationalanthems.info/bw.htm,data/music/Botswana.mp3
Monaco,“A Marcia de Muneghu” (Monegasque) | “The March of Monaco” (English translation) | “Inu nacionale ” (alternate title (Monegasque)) | “National Anthem” (alternate title (English translation)),1867,Present,Charles Albrecht,https://nationalanthems.info/mc.htm,data/music/Monaco.mp3
Transvaal,“Volkslied van Transvaal” (Dutch) | “National Anthem of the Transvaal” (English translation),1875,Present,Richard Hol | Catharina van Rees,https://nationalanthems.info/tvl.htm,data/music/Transvaal.mp3
St. Martin,“O Sweet Saint Martin’s Land”,Unknown,Present,Gerard Kemps,https://nationalanthems.info/mf.htm,data/music/St._Martin.mp3
Côte d’Ivoire,“L’Abidjanaise” (French) | “Song of Abidjan” (English translation),1960,Present,Pierre Marie Coty | Pierre Michel Pango,http://www.nationalanthems.info/ci.htm,data/music/Côte_d’Ivoire.mp3
Turkmenistan,"“Gara?syz, Bitarap Türkmenistany?” (Turkmen) | “Independent, Neutral, Turkmenistan State Anthem” (English translation)",2008,Present,Veli Mukhatov,https://nationalanthems.info/tm.htm,data/music/Turkmenistan.mp3
Egypt,"“????? ????? ?????” (Arabic (Arabic script)) | “Bilady, Bilady, Bilady” (Arabic (Romanization)) | “My Homeland, My Homeland, My Homeland” (English translation)",1979,Present,??? ?????? (Sayed Darwish),https://nationalanthems.info/eg.htm,data/music/Egypt.mp3
St. Helena,“My St. Helena Island”,1975,Present,Dave Mitchell,https://nationalanthems.info/sh.htm,data/music/St._Helena.mp3
Canada,“O Canada” (English) | “Ô Canada” (French),1980,Present,Calixa Lavallée,https://nationalanthems.info/ca.htm,data/music/Canada.mp3
Madeira Islands,“Hino da Região Autónoma da Madeira” (Portuguese) | “Hymn of the Autonomous Region of Madeira” (English translation),1980,Present,João Victor Costa,https://nationalanthems.info/mad.htm,data/music/Madeira_Islands.mp3
British Virgin Islands,“Oh Beautiful Virgin Islands”,2012,Present,Ayana Hull | Kareem-Nelson Hull,https://nationalanthems.info/vg.htm,data/music/British_Virgin_Islands.mp3
Mexico,"“Himno Nacional Mexicano” (Spanish) | “National Anthem of Mexico” (English translation) | “Mexicanos, al grito de guerra” (unofficial title (Spanish)) | “Mexicans, to the War Cry” (unofficial title (English translation))",1854,Present,Jaime Nunó Roca,https://nationalanthems.info/mx.htm,data/music/Mexico.mp3
Nicaragua,"“Salve a ti, Nicaragua” (Spanish) | “Hail to thee, Nicaragua” (English translation)",1918,Present,traditional | Luis Abraham Delgadillo (arranger),https://nationalanthems.info/ni.htm,data/music/Nicaragua.mp3
Austria-Hungary,“Die Kaiserhymne” (German) | “The Emperor’s Hymn” (English translation),1797,Present,Joseph Haydn,https://nationalanthems.info/ath.htm,data/music/Austria-Hungary.mp3
Bahamas,"“March On, Bahamaland”",1973,Present,Timothy Gibson,https://nationalanthems.info/bs.htm,data/music/Bahamas.mp3
Dominica,"“Isle of Beauty, Isle of Splendour”",1967,Present,Lemuel McPherson Christian,https://nationalanthems.info/dm.htm,data/music/Dominica.mp3
Eritrea,"“???? ???? ????” (Tigrinya (Ethopic script)) | “Ertra, Ertra, Ertra” (Tigrinya (Romanization)) | “Eritrea, Eritrea, Eritrea” (English translation)",1993,Present,Isaac Abraham Meharezgi | Aron Tekle Tesfatsion,https://nationalanthems.info/er.htm,data/music/Eritrea.mp3
Myanmar,“?????????” (Burmese (Burmese script)) | “Kaba Ma Kyei” (Burmese (Romanization)) | “‘Til the End of the World” (English translation),1947,Present,?????? (Saya Tin),https://nationalanthems.info/mm.htm,data/music/Myanmar.mp3
Cyprus,“????? ??? ??? ??????????” (Greek (Greek script)) | “Ymnos eis tin Eleftherian” (Greek (Romanization)) | “Hymn to Freedom” (English translation),1966,Present,???????? ????????? (Nikolaos Mantzaros),https://nationalanthems.info/cy.htm,data/music/Cyprus.mp3
Jordan,“?????? ?????? ????????” (Arabic (Arabic script)) | “As-salam al-malaki al-urdoni” (Arabic (Romanization)) | “Long Live the King of Jordan” (English translation),1946,Present,??? ?????? ?????? (Abdul-Qader Al-Taneer),https://nationalanthems.info/jo.htm,data/music/Jordan.mp3
Norfolk Island,“Come Ye Blessed” | “Pitcairn Anthem” (alternate title),Unknown,Present,John Prindle Scott,https://nationalanthems.info/nf.htm,data/music/Norfolk_Island.mp3
Madagascar,"“Ry Tanindraza nay malala ô” (Malagasy) | “Oh, Our Beloved Fatherland” (English translation)",1959,Present,Norbert Raharisoa,https://nationalanthems.info/mg.htm,data/music/Madagascar.mp3
South Korea,“???” (Korean (Han-geul script)) | “Aegukga” (Korean (Revised Romanization)) | “Patriotic Song” (English translation),1948,Present,??? (Ahn Eaktay),https://nationalanthems.info/kr.htm,data/music/South_Korea.mp3
Germany,“Deutschlandlied” (German) | “Song of Germany” (English translation) | “Lied der Deutschen” (alternate title (German)) | “Song of the Germans” (alternate title (English translation)),1922,Present,Joseph Haydn,https://nationalanthems.info/de.htm,data/music/Germany.mp3
Chad,“La Tchadienne” (French),1960,Present,Paul Villard,https://nationalanthems.info/td.htm,data/music/Chad.mp3
Slovakia,“Nad Tatrou sa blýska” (Slovak) | “Storm Over the Tatras” (English translation),1993,Present,traditional,https://nationalanthems.info/sk.htm,data/music/Slovakia.mp3
Brittany,“Bro Goz ma Zadoù” (Breton) | “Old Land of My Fathers” (English translation),1903,Present,James James (adapted),https://nationalanthems.info/bri.htm,data/music/Brittany.mp3
Greece,“????? ??? ??? ??????????” (Greek (Greek script)) | “Ymnos eis tin Eleftherian” (Greek (Romanization)) | “Hymn to Freedom” (English translation),1864,Present,???????? ????????? (Nikolaos Mantzaros),https://nationalanthems.info/gr.htm,data/music/Greece.mp3
Danzig,“Für Danzig” (German) | “For Danzig” (English translation),1920,Present,Georg Göhler,https://nationalanthems.info/dnz.htm,data/music/Danzig.mp3
Tunisia,“???? ?????”  (Arabic (Arabic script)) | “Humat Al Hima” (Arabic (Romanization)) | “Defenders of the Homeland” (English translation),1957,Present,???? ??? ??????? (Mohamad Abdel Wahab),https://nationalanthems.info/tn.htm,data/music/Tunisia.mp3
Venda,“Pfano na vhuthihi” (Venda) | “Peace and Togetherness” (English translation),1979,Present,unknown,https://nationalanthems.info/vnd.htm,data/music/Venda.mp3
India,“?? ?? ??” (Hindi (Devanagari script)) | “Jana-Gana-Mana” (Hindi (Romanization)) | “Thou Art the Ruler of the Minds of All People” (English translation),1950,Present,??????????? ????? (Rabindranath Tagore),https://nationalanthems.info/in.htm,data/music/India.mp3
Bangladesh,“???? ????? ?????” (Bangla (Bengali script)) | “Amar Shonar Bangla” (Bangla (Romanization)) | “My Golden Bengal” (English translation),1971,Present,??????????? ????? (Rabindranath Tagore),https://nationalanthems.info/bd.htm,data/music/Bangladesh.mp3
Solomon Islands,“God Save Our Solomon Islands”,1978,Present,Panapasa Balekana,https://nationalanthems.info/sb.htm,data/music/Solomon_Islands.mp3
Switzerland,“Schweizerpsalm” (German) | “Cantique suisse” (French) | “Salmo svizzero” (Italian) | “Psalm svizzer” (Romansch) | “Swiss Psalm” (English translation),1961,Present,Alberik Zwyssig,https://nationalanthems.info/ch.htm,data/music/Switzerland.mp3
Assyria,“??????” (Assyrian (Syriac script)) | “Roomrama” (Assyrian (Romanization)) | “Honour” (English translation),Unknown,Present,Nebu Juel Issabey,https://nationalanthems.info/asy.htm,data/music/Assyria.mp3
French Polynesia,“Ia Ora ‘O Tahiti Nui” (Tahitian) | “Long Live Tahiti Nui” (English translation),1993,Present,Maeva Bougues | Irmine Tehei | Angèle Terorotua | Johanna Nouveau | Patrick Amar | Louis Mamatui | Jean-Pierre Célestin,https://nationalanthems.info/pf.htm,data/music/French_Polynesia.mp3
New Caledonia,"“Soyons unis, devenons frères”  (French) | “Let us be united, Let us become brothers” (English translation)",2008,Present,“Chorale Melodia”,https://nationalanthems.info/nc.htm,data/music/New_Caledonia.mp3
Iceland,"“Lofsöngur” (Icelandic) | “Song of Praise” (English translation) | “Ó, Guð vors Lands” (alternate title (Icelandic)) | “O, God of Our Land” (alternate title (English translation))",1918,Present,Sveinbjörn Sveinbjörnsson,https://nationalanthems.info/is.htm,data/music/Iceland.mp3
Guinea,“Liberté” (French) | “Liberty” (English translation),1958,Present,Fodeba Keita,https://nationalanthems.info/gn.htm,data/music/Guinea.mp3
Armenia,“??? ????????” (Armenian (Armenian script) | “Mer Hayrenik” (Armenian (Romanization) | “Our Fatherland” (English translation),1991,Present,?????? ???????? (Barsegh Kanachyan),https://nationalanthems.info/am.htm,data/music/Armenia.mp3
Cuba,“La Bayamesa” (Spanish) | “The Bayamo Song” (English translation),1940,Present,Pedro Figueredo,https://nationalanthems.info/cu.htm,data/music/Cuba.mp3
Taiwan (national anthem),“??????” (Chinese (traditional Chinese script)) | “Zh?nghuá Míngúo gúog?” (Chinese (Pinyin Romanization)) | “National Anthem of the Republic of China” (English translation) | “????” (unofficial title (Chinese (traditional Chinese script))) | “San Min Chu I” (unofficial title (Chinese (Pinyin Romanization))) | “The Three Principles of the People” (unofficial title (English translation)),1930,Present,??? (Chéng Màoyún),https://nationalanthems.info/tw.htm,data/music/Taiwan_(national_anthem).mp3
East Germany,“Auferstanden aus Ruinen” (German) | “Risen from Ruins” (English translation),1949,Present,Hanns Eisler,https://nationalanthems.info/ddr.htm,data/music/East_Germany.mp3
Seychelles,“Koste Seselwa” (Seychelles Creole) | “Seychellois Unite” (English translation),1996,Present,David François Marc André | George Charles Robert Payet,https://nationalanthems.info/sc.htm,data/music/Seychelles.mp3
Singapore,“Majulah Singapura” (Malay) | “Onward Singapore” (English translation),1959,Present,Zubir Said,https://nationalanthems.info/sg.htm,data/music/Singapore.mp3
Pakistan,“???? ?????” (Urdu (Nasta?l?q script)) | “Qaum? Tar?na” (Urdu (Romanization)) | “National Anthem” (English translation),1954,Present,???? ???? ?????? (Ahmed Ghulamali Chagla),https://nationalanthems.info/pk.htm,data/music/Pakistan.mp3
Brazil,“Hino Nacional Brasileiro” (Portuguese) | “Brazilian National Anthem” (English translation),1831,Present,Francisco Manoel da Silva,https://nationalanthems.info/br.htm,data/music/Brazil.mp3
St. Vincent and the Grenadines,“St. Vincent! Land So Beautiful”,1969,Present,Joel Bertram Miguel,https://nationalanthems.info/vc.htm,data/music/St._Vincent_and_the_Grenadines.mp3
Anguilla,“God Bless Anguilla”,1981,Present,Alex Richardson,https://nationalanthems.info/ai.htm,data/music/Anguilla.mp3
Sao Tome and Principe,“Independência total” (Portuguese) | “Total Independence” (English translation),1975,Present,Manuel dos Santos Barreto de Sousa e Almeida,https://nationalanthems.info/st.htm,data/music/Sao_Tome_and_Principe.mp3
Kurdistan,“??? ??????” (Kurdish (Soranî) (Soranî (Arabic) script)) | “Ey Reqîb” (Kurdish (Soranî) (Hawar script)) | “Hey Enemy” (English translation) | “Hey Guard” (alternate English translation),1946,Present,unknown,https://nationalanthems.info/krd.htm,data/music/Kurdistan.mp3
Lithuania,“Tautiška giesm?” (Lithuanian) | “The National Song” (English translation),1918,Present,Vincas Kudirka,https://nationalanthems.info/lt.htm,data/music/Lithuania.mp3
Bahrain,“???????” (Arabic (Arabic script) | “Bahrainona” (Arabic (Romanization)) | “Our Bahrain” (English translation),1971,Present,unknown,https://nationalanthems.info/bh.htm,data/music/Bahrain.mp3
Sri Lanka,“????? ???? ????” (Sinhala (Sinhala script)) | “Sri Lanka Matha” (Sinhala (Romanization)) | ???? ????? ???? (Tamil (Tamil script)) | Sri Lanka Thaayé (Tamil (Romanization)) | “Mother Sri Lanka” (English translation (of Sinhala and Tamil)),1951,Present,????? ??????? (Ananda Samarkone),https://nationalanthems.info/lk.htm,data/music/Sri_Lanka.mp3
Frisia,“It Fryske Folksliet” (Frisian) | “The Frisian Folksong” (English translation) | “De âlde Friezen” (original title (Frisian)) | “The Old Frisians”(original title (English translation)),1875,Present,Heinrich Christian Schnoor,https://nationalanthems.info/fri.htm,data/music/Frisia.mp3
"Congo, Democratic Republic of",“Debout Congolaise” (French) | “Arise Congolese” (English translation),1960,Present,Simon-Pierre Boka Di Mpasi Londi,https://nationalanthems.info/cd.htm,"data/music/Congo,_Democratic_Republic_of.mp3"
Israel,“??????????” (Hebrew (Hebrew script)) | “Hatikvah” (Hebrew (Romanization)) | “The Hope” (English translation),1948,Present,traditional | ????? ??? (Shmuel Cohen) (arranger),https://nationalanthems.info/il.htm,data/music/Israel.mp3
Transkei,“Nkosi Sikelel’ iAfrika” (Xhosa) | “God Bless Africa” (English translation),1976,Present,Enoch Sontonga,https://nationalanthems.info/tsk.htm,data/music/Transkei.mp3
Venezuela,“Gloria al bravo pueblo” (Spanish) | “Glory to the Brave People” (English translation),1881,Present,Juan José Landaeta,https://nationalanthems.info/ve.htm,data/music/Venezuela.mp3
Nigeria,“Nigeria We Hail Thee”,1960,Present,Frances Benda,https://nationalanthems.info/ng.htm,data/music/Nigeria.mp3
Katanga,“La Katangaise” (French) | “The Katangaise” (English translation),1960,Present,S. E. Joseph Kiwele,https://nationalanthems.info/kat.htm,data/music/Katanga.mp3
